x1,x1_1,x1_2,x1_3,x1_4,x1_5,x1_6,x1_7,x1_8,x1_9,x1_10,x1_11,x1_12,x1_13,x1_14,x1_15,x1_16,x1_17,x1_18,x1_19,x1_20,x1_21,x1_22,x1_23,x1_24,x1_25,x1_26,x1_27,x1_28,x1_29,x1_30,x1_31,x1_32,x1_33,x1_34,x1_35,x1_36,x1_37,x1_38,x1_39,x1_40,x1_41,x1_42,x1_43,x1_44
61.456130543856865,56.13886170811297,69.16117801178622,57.79408013681928,58.50169123746155,65.2483539743105,61.343488011392196,75.60241164068758,71.31692887580161,60.601263515448466,61.43806087323969,56.997434163556655,58.88669466601887,69.8701468575865,68.27556483768093,59.245342788600134,68.00304127624386,63.08588172340313,75.5580013630682,75.23903577978066,71.30250121067527,54.54645172605655,64.90561794517895,68.09307084519378,56.739883623686026,58.2435302290261,60.612630816842206,60.37989643952104,63.02459248631382,59.728942588601555,66.71895512462302,68.45939956453704,63.34328362431484,58.22052014924692,59.243429486329674,61.19219824768422,59.379344440964964,59.14239893071546,72.02738317850411,55.100708818025346,60.87658422626829,68.21760149252279,63.174749140489254,54.404074065031004,59.72643576072348
61.7607132058731,55.95622504369592,70.07588900480698,58.35291199201985,63.344698412566665,64.5367825180507,62.66963911060544,75.75126609227499,71.0991111389449,60.64821248721778,59.20978173672537,57.96179763368174,58.412341291117,68.8826930729033,67.98148765560016,62.50862185211647,68.24514099995301,62.723333024041885,75.41128119962548,75.55700721711122,70.84780474098977,55.29775315615882,64.87678244131445,67.57804399797459,56.14971058298535,57.985253517273634,57.60876939714081,60.13257594603877,62.31277925365671,61.13346831910603,65.35616469926488,67.41348071031454,62.92373062392836,58.379816013391384,60.51494101824571,61.62298032791277,59.24035771117599,59.18639162936803,71.43561565947573,55.29569408549078,60.288991063359774,67.87042592362934,62.69726583090072,54.395677168079146,59.60709738739031
61.18980762937131,55.746577478852075,69.6827735384889,57.650135470630254,63.08313882787101,61.64092439954776,61.99795537195626,72.41146035980196,71.55934460463061,60.314709456887584,61.337083571782195,57.565178438642576,58.05186066856265,69.36615556227953,64.36326940448849,59.04128985227092,67.71165570890153,63.29440880664492,75.12851688808206,75.77738372518729,71.19531108929458,54.19901471007771,64.82495417797553,67.24098087614081,55.75075091269028,58.209518615887646,58.27263519862243,63.70398054532797,62.05401187241824,60.35485963868395,70.16360643132373,64.74262272996702,64.29261628167916,57.63870798152896,60.407747259014684,61.56057119230263,59.65236226184292,55.55401128647261,71.33987699087929,55.76506016297554,60.728785748121176,68.20057006550078,63.19370520509102,58.49246503371065,60.042735783641625
61.532578395287594,56.79042211767904,68.73569267160174,57.188898120668455,62.85283654035074,65.85919889368404,62.00498554742815,74.63806375704658,71.34283840360092,59.74325373885655,62.58089860300186,57.169093136879084,59.00479478375861,69.75912098051576,67.71660375202815,62.48185401205751,68.46553804624583,59.99322307352216,75.33576566668712,76.15329196495838,67.26429124705123,55.4423020785852,64.94695142902147,67.98504837804722,55.48733295105259,58.983150551940824,61.29146959814938,63.927008892716415,61.848273248311074,60.404279150253736,70.38931777348454,67.70817636996621,59.776034223869544,61.397234799899834,60.55416885649664,61.86326027259734,58.76237983646783,59.78398993938303,72.6603629520568,54.71957335755594,64.6186457127898,67.67656935760047,62.239280997503286,55.304422561534075,62.8114681686932
58.09742678761461,56.22224522854613,69.77143537659667,58.14533522426381,62.3380591116558,64.62362935688192,61.85629591253461,74.37751736564307,71.6976886709315,60.23285289251756,61.47706741794071,57.570450105577095,58.51856618882183,69.61293157319984,67.74143447179422,62.80945107876231,67.94700731807914,63.02675485813014,75.81859254141155,75.463402930461,71.56203987329081,55.909082968337366,65.01201873463015,68.99089450728685,55.308688428471974,57.99827961162342,56.951848213030964,60.28719668190834,62.07587072073763,60.84935525355579,70.76250171513165,68.26268756243931,63.538857633060914,57.22842078663154,60.41033837469232,61.443090605959,60.05235537680017,59.311282546206016,75.65692818057899,54.992086443922624,60.46484849177942,64.83646029456759,63.484824438486626,55.03896847523893,59.4312174718133
61.22486502967969,55.33341710849714,69.02739936704783,58.60280548174745,62.51675899859846,65.03181401122143,61.763450797350856,74.99221643096325,74.56708365229929,60.24893761953748,62.461083488474905,56.9796108628027,58.16330456946677,69.27576973692535,68.20663571288458,58.50797565568742,67.99699571931653,62.34660488910075,74.63927887988464,74.90244678179637,71.1950562847401,55.5588922297553,65.34597409177611,67.74186269157876,56.01949603551532,58.255186892087046,60.6451881348932,62.7678127142748,61.75619362609709,61.051556027623455,70.30584365869139,68.32252468575194,63.520798613283915,57.26245726193098,59.99511061248429,61.65676464881878,59.58288163078054,58.56058548156889,71.50947443423624,55.40203943879165,60.909791680005064,68.63576443618088,62.44236111219886,53.99058142622532,63.32862784272946
61.824481868931905,55.30539859556129,69.3711418812968,57.76366091854241,61.674966862452656,65.01568731492259,60.798046819605396,75.59660551692474,71.60044993923856,63.823366141638864,61.57288134766847,60.9580419928367,59.39537103180838,65.74172994302715,68.40429104547592,62.409612968222426,67.85509286890637,63.14388243857738,75.14003671835907,75.39015703611439,71.20690908400545,54.568338260238214,64.59607914035401,69.06147926050538,56.417573555594736,58.15859816035527,57.38998974413761,59.8488672467321,61.10510510153667,60.3443696789754,69.91456209606835,68.09609750416278,62.87945507584771,59.09805171800718,60.00361751411853,61.360665595810005,59.64840968178736,58.83392020177255,71.27677388703223,58.880969297577074,60.34273774264297,67.87830072102929,62.77966145500232,55.10599067764457,59.649619985475375
61.57868835003048,59.847256976311385,69.0989397230125,58.03070506261521,62.748879460769366,64.03597585970965,62.07673053925821,76.13099643159651,70.95429030787177,59.3525851456804,61.74572024656607,57.49981187279022,57.68177180780136,69.10112648327556,68.50045372178401,62.32961295211887,68.38982965319896,62.68966904000064,76.13016286346202,75.9969065255231,70.82104510638138,58.89692564831537,65.23680187417598,67.3562645298312,56.37704275363731,58.648350017667966,57.65211795861577,63.270127302097904,62.024861750505075,60.73292124695714,70.18322792127367,68.19531188417365,63.665001589573066,58.02099068653843,60.137424302227195,60.88671321158814,59.846797627282065,58.36021380810948,72.29444164598209,55.063852117203794,60.310155984479806,68.17391581338327,62.26836055043132,54.53141721804893,59.57336557554111
60.97550247396019,55.90200345728223,70.0764345673268,57.24635311539577,62.117000599930606,64.9882468478213,57.80897864073455,75.42808937400294,75.12315755285348,59.99337841939243,61.76342817254597,57.31336590753528,58.35211008882401,70.0053860519497,67.30267073647784,61.86189536130458,68.61904324185272,63.016149460591805,75.83172846768309,75.14051048434908,70.61307723025442,55.00549975038289,61.33191843101346,68.1175868608481,55.39731594980377,58.235634655776416,56.985174706127104,62.874080359174464,62.047441126439786,60.8709982538611,71.37872514768716,68.43373094870505,63.518855708530424,57.49490559781775,60.21051475124865,61.442055395837144,59.235972232062515,55.16253891376852,71.65747018850637,55.158199750872015,61.081083871058844,68.274698931696,62.59211984744466,54.94050638011923,62.8920518636696
62.09333351696178,55.65225375374452,70.48780058795755,57.72618027934961,62.06336628562894,65.24658131932637,62.43250925294904,74.92429527265595,71.44942859529515,60.00059438458448,62.2710904217648,56.947585943064965,58.47101438181642,69.36756479239882,68.1420146789941,62.8775359189625,68.81391475898977,62.599794543854365,75.44151308931527,76.53081027863301,71.63256792000469,54.393020616841845,64.77385152849821,67.49352008975389,54.889525068906934,62.121268384448385,61.46364272108213,64.08536208714185,61.55990423855749,60.88836805938036,69.74791684374102,68.14745573388892,63.49692175255818,57.90269504550398,60.66057939864933,61.648619106849495,59.2455713604415,59.39603504022554,71.48280194923157,55.372591179810954,60.14534648832915,67.87521947683797,62.21869475847557,54.8676455615547,63.3250027519587
61.47811033732238,56.55337162036009,68.9513006588868,58.63041890639794,62.12357083224921,65.41058235614324,61.95625801592837,75.06136127346161,71.7037920185721,59.8772925188467,58.22568196037274,57.418918650054025,61.857484704445476,68.97681465872485,67.56372821235249,62.34420290859326,67.80287202146859,63.144164079927876,75.69121600022804,74.95316406966369,70.92302218481929,54.848091746612106,65.67024916349568,63.9167818918195,55.806496462120116,57.60594022421388,57.58285900160369,63.33717487222544,62.107941879051396,60.13718193206359,70.0330786785035,68.40483737305729,63.58824912717505,57.931734453322335,60.98708186703439,61.895088618437,59.42932358669646,59.8237019291758,71.99348949319888,54.314201323255915,64.77014813454376,68.75578583794524,62.644478309735376,54.081742216910975,59.02119947808629
61.84079955388563,60.16379450079517,68.45079564374116,57.40093769677449,62.94411372969277,64.54332024947854,61.972294337619324,75.29415838370761,71.35391955353435,60.60719108324528,62.27954348828375,57.09478007130961,61.72577740727994,68.82642682376162,67.878453059876,63.225163253770845,67.58881166718706,59.475484841633126,75.81396964663293,75.65314847689925,71.14424794152961,55.159952412429035,65.85205649188818,67.2276882051331,56.12857864886211,57.626761503493064,57.020350059474474,64.19120869864756,58.44956581037562,60.68851141592227,70.84349860845927,64.37611073418967,62.97841186864338,57.33762808666627,60.140714040518915,61.77923972388133,59.60632004819009,60.07861031409,75.20482332480981,54.816006209133874,60.2425532284219,68.6244050148092,59.18944922114761,54.55990473824679,62.55127306170924
61.688397864687616,56.147255529395146,67.02214512518479,57.805452222375656,62.47749575444771,64.83976150688045,61.44543240454463,75.93344377701803,72.12087640438834,60.03796280566836,61.5747013248996,57.00162632143226,58.08185101055667,68.76037346051442,64.82490797914103,63.25159898324567,69.51798383429441,62.278097343766305,75.29412031365487,75.17842571601533,71.44267842910845,54.877547745514384,65.23019139068792,67.76451231343634,55.824775328952924,58.21963752233462,56.636050362119704,64.03905826425932,61.56306818095534,61.33807942477151,66.1276578383877,68.26247955289087,61.99182856601542,58.04990303445,59.79506997128723,65.76018903584301,59.63283079609928,59.08872066732678,71.49781620401006,55.13447550893178,60.98262706423197,67.5067262085847,62.03823616527972,55.06995211872664,59.09252554094668
61.64603813620266,56.45824124065438,69.84788382491686,58.10943615763352,61.62751795520431,65.3824572734109,61.731988113990404,75.28608131023951,75.5935382951654,60.34106439458675,58.17353949664173,56.673872892375954,57.97667551325826,69.3022355821008,67.99052391355933,62.74596554639258,64.43137184751545,62.91544233866504,74.66806808875718,75.83603470845435,67.24702848732935,55.19116117777003,65.44938519725694,67.93691743635223,56.463497280043526,57.3103281086181,57.6870194936877,63.61293521206007,62.33649862113371,59.88413251838686,70.45677166534134,68.52106593096752,63.65837393690474,57.80103666001726,60.007023495484376,61.165822806864206,59.39058127747605,55.38814822338632,72.23477809378967,55.29689127830939,60.24158267695227,68.0392030527674,62.19376185690497,54.515444601787074,59.72887973420765
61.54374773758116,56.614193204639996,69.54961790535658,57.9342149192943,62.33017504108584,61.488982088165365,61.40753474571478,75.1535991724594,71.55582998353815,60.42355273639324,58.99821176984772,57.432405952549416,57.33130763888299,70.11168186226905,68.70339418880167,62.84910788052919,67.9757718267473,63.11642585683533,75.20871433512797,76.16695359423306,70.86261172119904,54.8443978118874,65.08576800984854,67.59449704799535,56.31249030594054,57.86257314719976,57.467014008305405,64.35725217643301,61.46448084053429,60.16987952024505,70.39766934849503,68.802490271265,63.50422194444686,57.693763950950014,60.34569696741604,61.23533711326403,59.474694796728215,59.83188968964257,71.26811361546746,54.749113722012076,60.29856063164032,67.14805935565971,62.076453259503594,54.63427931368259,63.552040168166116
60.850682476338676,56.465418953289,69.01223574110799,58.641572354533075,62.28644055506299,65.2256056958757,62.25591353360223,75.07793416187701,71.7783339896544,60.30580700699689,62.6184282376317,58.266750012136974,58.796811791932704,69.95342441116355,67.79764754257069,63.16313954557883,68.1551371444391,63.00174514702673,75.47559220132331,75.31556578795981,67.36244056351275,58.58484927518858,65.70345156193842,64.39189539940773,55.91860791915812,58.61539007636896,56.48182463294172,63.25890028705739,62.18690128813245,59.65884648478053,69.84752558496083,68.81063097024418,62.89212934075684,58.439023286323874,60.71878649930302,61.55977871516282,59.352276089345665,59.298638660576216,72.13507173261414,55.025508124264505,60.26987524090589,68.0046034994664,62.36975787519412,54.27307311523238,58.49073945602984
60.88441152468326,55.252297714011455,69.97409563213428,57.71070400623009,59.812682119186846,65.21410230358481,57.90545843113835,75.2679306997408,74.8649796708304,60.49301062143266,61.3325600399883,57.74338517427243,57.90924880709151,70.1585722461366,68.41915631257265,62.822307869742716,67.4836000991844,62.34637612776806,75.8927587542746,75.09254439650738,70.67152580212392,55.70625974864275,61.27916229332425,67.68268657873718,55.83945743575747,58.66091912702331,58.28887162377074,63.55388377283768,61.93532838890004,61.194860792288566,70.13971964119364,68.80133419623506,64.27526581026027,58.114811483862375,60.133016930199524,61.21405375386402,59.8135954711894,59.45310077618997,71.0504409146544,54.108363193525314,64.49613758160416,67.50082042166822,62.74809715964121,54.87986434985779,59.491810941611845
61.33150797860435,56.01282920502581,65.90344206514935,58.24125098766376,62.64302531958371,64.82179981497211,61.43438880052842,74.68652960307408,71.89737055844637,60.74106380591905,62.46553669311742,57.51879810342262,58.51279870310272,69.04105443077242,68.00063114986257,63.11433852008454,67.45283181691,62.79542695233375,74.99026970171857,72.09812741792499,71.0552967139589,55.62196367314254,64.68796235509399,67.48461093411453,55.188133689144586,58.05707052716206,57.86225113260859,63.965537795478404,62.0636238251208,60.15218054801134,66.1410049753088,67.87501260564969,62.97939140230441,57.67541414370884,60.27276606185653,61.37977243138929,59.77869306267371,59.26124090620272,72.83830047103113,54.85846239220615,60.89959492509785,67.77538874323535,63.21722063978018,54.21835955919649,59.577184277295416
61.35100493562522,56.8408274905023,69.22021228925688,58.382893589133324,62.197152380657954,64.62919761574517,62.392942482475625,71.68512940996854,71.73547989169585,60.81926016655092,59.369769608942036,57.48323099771675,58.085814292738306,69.44060770895854,67.94876372784238,62.86441800145787,68.5458292179331,62.08991840936798,75.36212639814626,74.71766367947521,71.26888629826246,58.28183812253707,61.707761075060226,68.1247442979907,55.57593582947431,58.17794952380532,57.284777926178805,63.8108173495737,61.184824869234156,57.05254067791388,70.15156285155044,68.52814925376072,63.070437272911626,57.234468804460576,60.25590584506889,61.26947973942346,59.52583233265999,59.279058620591556,71.31062998031437,54.70928154221153,61.40875461034742,68.08206859091928,62.48936298265915,55.116545902298895,63.32841175991159
61.85464132545142,56.67701174864659,69.75935013360665,58.47960630204678,62.83018111149504,65.73232095544972,61.18940861885465,75.19265879564956,72.46337587438164,60.6129847747883,62.12219869201442,57.43856516172767,58.500451771665986,69.68577597307373,67.6730045827815,62.710345752584765,68.69010912834646,59.18737337606326,74.3926460699595,71.70731230057383,71.64274080816345,55.38768565342488,65.21277000621241,67.78119335172634,55.16898190012282,57.77062966595607,57.88034333799126,63.990546015249556,61.79652832849112,57.28360529151877,66.55309886182933,67.7039354293368,63.034503955382874,57.742900372859836,59.86549845432302,61.3415357287881,63.52389773464465,58.93691852910187,70.76571886292889,54.88140024982149,60.33962047520649,67.50845796726408,62.232973538673605,54.55630940810598,59.84438135442568
61.379336173772515,56.39761741242754,69.3504079800702,57.78186626296142,62.747038625183734,65.66039687070221,61.39311654327435,74.57616934488904,72.12084706191813,60.360956421100575,62.291097904480544,57.22452365210724,58.76107409123283,69.06305442842098,67.7325284913864,58.590796381019715,69.14416460320702,63.14811497507911,75.4513392530339,75.38289412924046,67.57427074882168,55.125854753880965,65.72353533186002,64.42202311303762,56.11461029837899,57.869721782342005,57.605405184586125,63.43076949904096,61.71184479291178,60.76526701452661,70.2290497173168,64.49106682213203,63.74505551916132,58.14276515670125,63.62173556894092,61.96629804567132,59.819513591332225,58.94482130675253,71.5717620423675,58.802477395548514,60.61857663516927,68.38105010855423,58.90536163674955,54.4643949221103,59.23488504584915
60.614797307924235,56.28603924613515,69.32817211998449,57.77132361633939,63.00004049839505,65.57978078331183,61.700940415521515,75.1200608824997,71.89849706022338,60.45225473561044,61.62707186049659,57.48177484095317,57.921422343183295,69.3627931420981,68.31243950348866,62.567872080101615,68.57167187890529,63.42738757204102,75.01575813177932,76.23869846370978,70.66378375413956,54.50056265280112,65.9415976929556,63.748361930038875,55.7676106916707,58.8801370832472,57.22560722837037,63.51398409819895,61.45057732460649,60.50844835370487,70.55620496125744,68.12005930469829,63.36519937706017,57.62176130449822,61.24909168580378,61.641558471640344,59.55894478707979,59.831680788056296,71.54159467431778,54.29755570515608,60.537048863630716,68.40342017283638,62.95774416746165,53.88122584465772,59.817481785780146
61.4940984265264,55.81762362463277,69.53189756885804,58.688999537534066,62.6818581357712,65.32897508951089,57.93573705390001,75.8893067897345,71.2484844428673,63.67259631384761,62.35402483829112,56.53008716145124,58.533816477657425,69.01466080584676,64.12698076066603,62.53356675721328,68.26322810668573,62.498600984732455,74.78432430239252,75.84791759951506,67.47345932860895,55.079442390412346,65.7887109909694,64.12181819471184,56.449229046440884,57.97786240091992,57.3256501749859,60.25307148300832,61.47032275262129,60.11108605981241,70.15237441587857,68.8833564571996,63.142179909004135,61.61124111919249,60.77682597767427,61.415742496841574,62.7379898896,58.80905702276747,71.50373474010783,58.82029926354401,60.74044915304957,67.23991359960127,63.503392799300855,57.80173711554684,59.71583715858685
60.47576825767258,56.16031147172377,69.86815360976681,57.759286217669434,58.45253873200685,64.79130719561348,61.90728515052682,75.50093556298219,71.94348253591508,60.471494057174716,61.08024585423508,57.97232157381005,58.23707085033896,69.8512337194959,68.08851649647326,62.59972161234992,68.48982487295896,62.74188291602118,75.24581793832876,74.58576985547761,67.1347478517024,55.39363542792199,65.60269120071445,67.93412926212433,60.038587846957206,57.37402758002849,57.85438757634674,63.90781973144305,62.201671451436155,59.74506672875204,70.36418453163972,64.66963863848565,62.89258862346875,58.12186894571656,60.438314319162686,61.69393879649908,59.94235211899794,59.304634798980125,71.58363785205665,54.664905802849795,60.87978591395381,68.36208465061264,62.76225714099097,54.80185275095837,58.685967718923195
61.337662990773744,59.258082397522394,69.5455568963318,62.07284299294723,63.34331759585581,64.82738795513501,61.806331738532826,75.20274121837475,71.36414293859879,59.94209639807803,62.36321295621564,56.896254654838046,58.4551439785577,68.89222459305047,64.52892245009842,63.15146746822944,68.15926529839807,62.814136014472,75.78883922877573,75.31045940466956,71.39901544746404,59.45950960953531,65.50756581179692,67.99284718399963,55.53827015785483,58.07214873352534,60.80514121364889,63.439154757540976,61.49731437230415,60.35256796496773,69.72445476959416,68.30411809935882,63.78271247924301,61.102741677199674,60.33781371453057,61.44504345948658,59.30057357590447,59.368543892073475,71.88903058326808,54.78298866455785,61.33677888321127,67.30255833910242,63.329407604939284,54.77847660123984,59.85866374070528
61.19406177021296,55.90193005364755,68.99073862701182,58.32900204670814,58.84426877148988,65.42159990015529,60.902698065894405,75.37438248399903,72.20095255986139,59.59569976957624,61.43899814094363,56.654027758563586,58.14970644446249,69.26121540769392,67.73818176486812,62.209002837519414,68.4014323770646,62.63011125215638,75.50576178148702,75.55716248502166,70.68540855601435,54.81886452704867,61.45023600250706,67.46707556345953,56.25179050397051,58.75779170620006,57.65138013045455,63.795543355650445,62.19133168606444,60.74462994885807,69.55189239901962,68.78839968877757,63.103904123994646,58.50921815552918,59.8294451977663,61.64706285334596,59.5063587302343,59.281988745288366,71.96618813123327,54.521381621281364,60.397385003200014,67.43613749306353,62.77500452682497,53.614367192910095,59.131269425100314
61.07028379391296,56.3938445452274,69.54044086983305,57.771475815509845,62.52238771255782,61.790020452273936,61.33877432670346,75.23496541483685,71.25565620445451,59.850164525084644,61.842424251650186,57.3449396147219,58.33430183004434,69.71343554827551,67.22414544298496,62.396541150590785,67.93479606400184,63.30749740042674,74.85286777813518,75.24224633566195,71.66407353162363,55.64891001445579,65.0820297280723,67.70447865218489,55.704823356470904,59.53344404303856,57.43412805509065,62.39272427185385,62.62231978514332,60.4299220784299,70.5811617874681,69.08514901836686,63.601165824305546,57.49636025252204,59.59455516963404,61.25141525959461,59.1276415457114,59.17052092588746,75.15550201486701,54.381600127165655,60.66468842222867,68.13934944396641,62.31226321592693,54.472502844409064,58.72395378167557
57.52625554398328,56.50050823625114,69.80598453927763,58.23949746392788,59.9835411336679,65.93243974170305,62.03016067507412,75.83159050656226,70.85294191952475,59.798884536025525,62.4251390199828,57.877575666342295,58.19235555309448,69.2429292008955,67.82130817558473,62.74138629116293,68.32139036998045,63.33064091386881,75.54517609178475,76.61986027855714,71.8148130880367,55.92901882638074,64.67403408033545,64.3223676905751,55.898360933559815,58.0375091274824,57.70532491668285,63.92841087678073,61.286377684141605,60.1955412732914,69.99846582279282,67.8541973437764,63.69743827236346,56.93510333374056,60.352465990969094,61.742873174247286,59.67509980252938,58.50395185063595,71.90712809456126,55.02437066650301,61.32771560162269,67.42929640573982,63.49132075409251,54.58606715463315,63.40017455172469
61.38401601777487,55.50555332777421,69.59282014190438,61.61137712956207,62.685076399639335,65.7226021779295,61.808643318386814,75.35742478614014,71.30962556130078,60.53614578187105,61.255262889336805,57.85304603943073,57.9954730903504,68.78185175123375,68.71823290060745,63.247987756999656,68.17898613963487,62.89228512948079,75.63088171554475,76.45677622857261,70.85421235970004,54.861585820852504,65.2340438609428,66.9655563611137,55.806055481868235,57.94958955678311,57.27524788869908,63.10742535481789,58.81094582291036,59.887636545896974,69.35870749407947,68.12510761172085,63.538288934684246,58.014479034215235,60.61905149353249,62.303591973639556,59.854047307188296,59.1401100875939,72.36677852117501,55.556337364337466,60.78714748678312,67.14127054703192,63.06070734362499,54.78606899258077,59.28855249741342
62.179106189732956,58.96919007331695,65.44810113026458,57.6005085213239,62.16808573521088,65.62825829047918,61.894258797110815,74.44891823850946,70.76463520961236,64.3120901457217,61.54982156048661,61.04752878876598,58.36317784075465,68.53656358251023,67.81064403687624,63.1400312688604,67.88920257382952,62.606860817124456,75.69632517244563,72.17880628654605,71.22613298431087,58.65233859472873,65.60617074286247,68.52553549769775,56.14439080891288,62.016218009983334,60.23471800811465,63.591852633129214,61.7723778612508,60.644166633637674,70.68812537077106,68.6664458860647,59.68657778427484,58.88011208970208,59.68444446141569,65.74198878368313,60.45763088091893,58.81802889175542,75.57307052350927,55.40611520691261,59.75737392888284,68.04307764512282,63.78021266132982,54.84978886525337,60.16442840648806
57.88550418083707,59.77794154306307,69.72778257194912,57.99426228615933,63.24195494634207,64.73254983430678,62.40165804683978,74.7575809291278,71.78965476234849,59.87613123419514,62.65101770716818,57.80128785413889,61.42107433682864,69.3733757854027,67.64757133295865,62.62394118083776,68.60152923268507,61.98719546758273,75.41941035628614,76.06180126139033,66.739611046501,55.33729174169533,64.67523014853661,67.60602779753123,55.89809375913543,58.110972451570504,57.68994262789702,63.36563653282561,62.12157263125366,59.65450620725384,69.67666541736583,68.61648436649571,63.72305265545949,61.555423055302214,59.81072888049195,61.84380009899634,62.653512028164606,59.09088857840947,75.0449342637596,54.78926644672902,60.32542869273473,67.69393051421497,63.53225848917372,55.243074884061485,59.30823584442504
61.73576903862493,60.21903699446773,69.48170952252221,61.6018961815856,62.50946846501364,64.8490305721029,61.76501225204335,75.2017570064449,71.26772558182194,60.75426825291988,62.93456509530235,58.089086458814855,59.06601441494998,69.92345512401242,67.9220439795199,61.83541340365443,69.36790401305966,62.52152530067596,74.4930256905007,75.18640048786015,71.35875431889667,55.30192132504065,60.98636438505184,64.3018739765693,56.413786907509795,59.00593231307854,57.3906999701704,63.49022049162963,61.88385315489823,59.53680738436802,66.4792092948245,68.41744697184697,63.24211763657891,60.953084109373286,63.47399761786283,64.60119891848277,60.357444109098644,58.84607732762688,71.11341689965575,54.639784205958215,61.70277874826907,64.12109360062536,63.03290306334065,55.006826409679086,59.5604195469038
61.39063571755713,56.249754095395794,69.25836812972767,57.94265286582875,61.99263735061272,64.88459164169656,61.65437760742525,75.0604102737024,72.09022709317978,60.70971130319147,62.224186292305745,60.630253614161134,61.62245668518727,68.7066401049936,67.78002066590314,62.72014497276099,68.33559865200496,63.200595543178586,75.39418010762307,75.31786771224779,71.54936470459789,54.365396372574466,64.61957980449384,67.63614421692346,55.71147175136357,58.13466632709785,56.901268231386666,63.43048331519812,61.93775722283211,60.88045132890137,70.66160329615045,69.29881400229097,62.92676056155753,58.45543985500627,60.810855818895796,61.97442361430856,59.2791867930024,59.19146041783644,72.25692799902863,54.73099845492131,59.83725544530431,68.51117025054177,58.983711063646396,57.33556992186055,59.34960409489568
60.64208185725044,55.23897509524316,69.86573214089199,57.61925232590086,62.653445479629575,65.40243546891777,62.200115460249165,75.15263866453977,75.61217272025962,60.252966144674204,62.305828862954314,57.373578667995,58.64029433393686,69.09144796104117,67.75538103422727,62.62617712564228,67.82824328574547,63.32672906387185,75.4090095108472,76.0558480410339,71.30061593408571,55.363699015502405,64.97180983576274,67.42560025958929,56.12485159336845,62.45995755101737,57.75297454087106,63.04964718588413,61.580239057173884,60.74037975225578,70.2139671549911,68.39115020539299,62.85236480338457,57.93522486426216,59.75672689154045,61.22132825111167,59.495028791867554,59.452260641819755,72.30054161995425,54.64583361433676,60.60872459219983,68.07022273476915,62.54583975739324,54.20533529293749,63.7753227551434
61.5540194401655,56.114641205685146,69.19405390901785,57.37039708779076,62.36475164292451,65.28116130677921,61.31208178714304,75.13677423280542,71.62596243576523,60.7962307589043,62.04438230286776,57.82568797901745,58.56058585456488,68.9385094234515,68.0372534715912,62.13018461677281,68.92306932583436,63.49868146910927,75.82263501304966,75.60779486555049,70.51976473655778,55.43981206096047,64.92728615047369,67.82699376313532,56.06295702820313,58.121674885233375,57.10067823613571,63.66053206663303,61.87274512113197,60.33110602991089,69.77827211656033,67.2727484818344,59.7403118981477,61.15756751291915,60.38927270829487,61.79712190319273,59.789331674998635,59.56757349122902,71.8339421542563,54.09122859587371,64.08426999564371,68.3151173401377,63.48346635570077,54.53271738923724,59.066492396715965
57.358014144318645,56.01261511868584,65.88145498456649,58.10570239025164,62.93566357892453,65.17179349006423,61.64132597986497,75.89982056946369,75.3313826518516,60.80982273295974,62.479459553821414,58.267949665835545,57.80077357037114,69.42247785387987,67.22620152292359,63.61696454294832,68.32484080835063,62.90365101833573,75.71250216177641,75.23303581973082,67.55428618690249,55.20353294202833,65.31807675997437,67.69289703632849,56.37447059379513,57.15153730616196,57.541788349910554,63.97731882624933,61.59273733880313,61.20734122697968,70.4324969207846,68.7033007040283,63.05379304398176,61.1120938148396,59.61636901473764,61.60497813228015,59.890241640535294,58.91227918755194,72.05241841549558,54.18740583097015,59.58212675925364,64.13224487919241,60.10877244477779,55.15166014028851,59.60125142310848
61.257284457852414,56.13259897695085,69.82973629492727,58.030100200272095,62.40388013179205,66.0429627899619,62.42219858832332,75.91428339586388,71.62872761873318,60.35166424498132,62.62946769830473,57.41838616654853,61.50388154591933,68.90622681179481,68.29914805499557,62.638530826126924,67.8187803453439,62.859677625385665,75.29022127642563,76.2539108975581,71.52996610452128,54.89525090683855,61.21946098882737,67.76356390705328,55.842386749197075,58.55692305131362,57.37850948653229,63.671052939482436,61.91239077393274,60.464682725404245,66.58474662202194,65.13630044522682,63.163193132888,57.20955697772419,60.135042315407276,61.15443521374648,62.74321508211741,58.64613327484755,72.07062493401918,54.76492246458585,60.04402817857423,68.05340469451751,63.69377279905559,53.85485706841465,59.21898188952436
58.000003613770154,55.98746688884745,70.29088488818662,58.07848155012439,62.651552367583605,65.24363258268134,62.09026413062411,75.20158714931632,71.15052264151792,60.51034677469755,62.060387137835775,57.20446488569389,58.0096355208096,69.33167082457196,68.35174187077561,62.15869109312727,68.56780354958931,59.01664618377233,75.35106377508976,75.93559043903183,71.01268573476304,55.96116361327272,64.99826861578846,67.32693826644858,60.33141205272325,58.33260800002556,57.832161934168866,64.23280508153012,61.815069623566444,59.766305177883076,70.46016870940254,68.6420822300556,63.50902036233834,58.20890927663151,60.87576130557201,62.12809039339835,59.0206084865017,59.14484747506014,72.1114855293284,54.95404799850694,60.993253240354626,68.34254963544842,63.837841153162245,54.236517399155865,59.43379724690208
61.27324494571352,55.5852005905826,69.8456639112682,58.52266277213381,62.66092236810063,64.85805626703487,61.580050590649776,75.70946569805099,71.51364945428463,60.34940663264433,62.00520781624203,57.173751444000715,58.000643873772084,70.22747006284034,68.32666123881596,62.30625851404722,68.45224678385316,63.37332688802539,75.01430795241481,76.14208371385742,70.68152943444404,54.78213145180068,64.7987724801141,68.62064061074,55.62703840223235,58.429126181598846,57.42030785421065,63.78985951590491,61.64151610624173,60.38767354460048,70.52947849622477,64.86645865815926,63.65810693445675,57.94490372543651,64.41801522232586,62.011176373733996,59.20019612215238,59.27713620576812,72.45734686852255,54.55761784615782,60.34337647461186,64.32759320721638,62.975209164687335,54.622329293039854,59.46624803744408
58.19826355052646,56.646665643980356,65.45062156336635,58.25806909146831,62.858436503701064,65.19852415139157,61.7579101517887,75.40385531042614,71.766155580312,64.15285670474628,62.91541442426373,57.45410696522329,58.71473053376956,68.73855163890038,69.00321903230018,62.657486259956634,67.23168215577955,62.69581826708007,75.28075578881922,75.31779219534631,71.33149516278208,55.24307672402776,65.45511823848685,67.55802312335828,59.492856964558484,58.431768031219924,58.0112325070279,59.87132458279996,62.5296368082371,60.501383541517804,69.32289603626447,69.22287787798389,63.27193343552575,57.48371329648233,60.40685941364602,61.75233601607636,59.93200716785951,59.676627389840924,71.40903656065217,54.78072708497059,61.15859637220049,67.35264166435881,63.2748644181628,53.82264892222328,59.81950285894359
61.229716757123526,55.94986213230275,65.91692702510397,58.14930694374604,63.0403148787197,64.67257370865823,62.31157786637196,74.6228789509966,71.634566798984,63.800919622169346,59.35702692358073,57.69238059647658,58.13521865457487,68.90852578391905,66.95902075897311,59.13458933068682,69.01169481059112,62.821248370021046,76.33760720078419,75.74509251553427,67.5782021803665,54.55676619329068,65.13501987942138,64.05541670061555,56.06644632122226,58.23660646620458,58.25514046555752,62.771254751878665,61.92697116273026,59.87123422481024,69.13835039469542,67.96051606130011,60.15714526609904,57.989419788166174,60.24191044521373,62.413424560239896,59.388792924876284,55.68552410649915,71.72505914721941,55.66041435632079,60.99491319340348,67.71915611034889,62.88104939405788,54.799854980342374,62.83946726617823
61.34320038556406,55.44174305655695,69.41984223395264,57.98177042588998,62.645615629363554,64.3618949283971,61.94554989481872,75.63058783948458,75.85724713097598,59.95533636769616,61.98822019006488,56.641140977619884,58.058092822587426,70.19592956613873,67.87461444094917,62.05592625671692,67.73190184752032,62.77719502118485,74.93119536881552,75.98362444334016,71.11489560862651,55.3094753697738,64.71443283878514,67.6077321366208,55.641500631787494,58.37931817877369,57.56150176717326,64.08129762392053,61.56710837079188,60.27953907029653,70.0166511295584,67.78969196011244,64.06616666324858,57.81559588542881,60.449556400032314,61.75303909860838,59.45428293602782,58.94723320234124,71.44109750088698,54.4865230052472,63.358190070716034,68.93686138980834,63.054737792954526,54.884661238136964,59.513138343788675
61.02225739535325,56.285468746133425,69.7271672251252,57.84851168369063,62.401882558317276,64.94535323294551,61.83295590598909,74.95567781155472,71.25362783595133,63.414925664789166,62.042247479966264,57.5242586674861,57.30367014616036,69.18094767793677,63.58287671079487,62.29333574122124,68.29749133955585,62.479857151717695,75.1962804996562,76.27041278711413,67.21526703367891,55.16717279568332,65.40116051027921,67.64647854087417,55.59754639948045,57.126357013278295,58.1115742146111,63.161277119773544,61.334589755086796,56.98227783557343,66.31232805581811,68.57840090461605,63.95569759534132,57.85508717286998,59.96603271025306,62.221032357179176,59.36891993009982,58.764458072650356,72.084192389203,54.54011656492548,60.100436328059175,64.05715264099891,62.58210335514134,54.43290101429177,59.513290531510094
61.807686754921896,55.61215667414679,69.44710873986146,57.99897066659467,62.83626120859309,65.47033413941719,62.41492865408008,74.91795409441693,70.9486776224503,60.5379264745579,62.68220413008505,60.69813067273122,61.64657991333362,70.00786406300266,67.9829451334263,62.29264696885751,64.54858142056142,63.12824525289915,74.81374084416333,76.16395904705733,71.42944191863256,55.006961178925735,64.98262463858092,63.74339212582519,56.085033574361624,57.83879708411463,56.89847317228158,63.74796316276137,62.07289942495259,60.75544645871419,70.34064876988084,68.12844152039843,63.03803281159262,57.79868281760214,60.04253503625236,61.45605263276864,59.684168064001824,58.40344590692271,70.96554583324732,55.51762997322477,60.83501166915928,67.85426711878833,62.74391421277777,54.47040425342064,59.32336096942513
60.907383265436714,56.14037681556777,69.47656157268021,58.680336187685114,62.76395051762508,64.62680348888703,61.625223852080396,75.5249305739805,71.24466217600227,60.098016835803406,61.48099712671015,56.57862782743438,58.36906951528799,69.23124620297335,67.01713405745502,62.77152139225533,67.99917876890817,62.45585349775641,70.91822051593536,75.07400240108207,71.53842264568459,55.36665458865946,65.0625754360985,67.42282741421108,56.4584622215137,56.970426403864145,57.52529094486929,63.61509250612409,62.11450548297956,56.65178097250436,70.00718211028841,68.53675422374829,63.60796582755125,57.374523170722966,59.80809416344525,62.02545269087584,63.31410809611509,59.51375497337825,71.44939689625618,58.72618078885198,60.555015646990725,67.5497557634909,62.64810115173502,54.664495143409354,62.316618257916744
56.87633999683955,56.28061554865127,69.2923762967344,57.74398891779758,62.222729563961,65.2603697727014,61.67588835349654,71.66274050440315,71.52176012660243,59.629479922245224,62.32963962367948,57.58503384094537,58.0328708753186,65.75248438217842,67.67549954382126,62.929352198332914,68.10500606994937,59.545126037236706,75.56513187493917,74.81373803279112,67.2538673589651,54.38498046206543,65.20618839063748,68.6769262245191,56.37965237160009,58.67769946545373,56.64785867073734,63.48954695323137,61.979680293458465,60.44316158687275,70.22752756336914,68.09720852376256,63.464866309707965,58.7690642848841,59.57131796235877,61.80101293434799,59.56516168037676,58.756198983445096,72.14458409396256,57.97613812290706,60.50780579391803,67.85570819332003,62.96039627385361,54.41727554443932,59.651987508483785
60.17962070878395,56.65338064920108,69.56674739789494,57.91435081935464,62.01056720116505,65.33651586045795,61.63085614473072,75.09498818426923,72.11610756789196,59.94660321618568,63.16305898293233,57.09402803207272,58.46192140431507,69.73733898024774,67.85089330340773,63.04321855524368,64.82933290099305,63.31730594677625,71.94621447549525,71.52967894965715,71.55896552560505,55.13914215546559,65.5167770527489,68.0226645670963,58.52607182530865,58.6565086061338,58.43644737647576,63.32991304185177,62.10483996000322,60.58753950696833,69.99250885308611,68.42398299292029,63.297899625871146,57.701110719967645,59.3417842911356,61.33447361371509,60.0339040325411,56.24423364724603,71.99416489006408,54.26014749391056,60.717977752815365,68.51902652159501,62.20772968373866,58.091812590523794,59.61835584552033
61.5233355416686,56.460498024280966,68.96614812499271,57.81624547664838,63.057922047058824,64.90970330725568,61.62737001749917,75.26968946719415,71.93787121230459,60.01965987054972,62.39887589638595,57.40484839186976,57.9188475562174,69.4156847579174,67.97712172917596,63.26521254726805,68.35212922723133,63.07798484764685,74.9652778460669,75.48058395761566,71.64332191919024,55.02913339305062,64.9281036245713,68.34926632070295,55.598664987659454,61.69908751961659,57.13406039122216,63.496612312842935,61.74100855826537,60.54511320117029,70.50485968919556,69.12537237682032,63.23935428218414,58.05843557208809,63.65037581182139,61.53085974540531,59.55960938575394,58.967397117009604,71.73436063960881,58.898373424811744,60.84342329608916,67.69829479110133,62.81264274088881,54.92290294654349,59.31966461118124
61.348196470166684,55.54386499427184,69.58650301601627,58.164263775761015,61.588563636590365,61.30592411324339,61.8494697913514,75.06177026756271,71.89546769211525,60.68768030459741,61.795758194651036,57.19416500606842,58.51140013233254,69.92412085189336,64.37144446898668,59.54991123901539,68.50947179408399,62.656765815455955,75.96064854045623,75.71438441890342,70.5847560537057,54.83994995744353,60.582418269755294,67.75177521496653,56.375005843639286,61.315297418143345,57.22563492411449,63.344334810718486,57.73184687637106,60.58171262377119,65.81569708779155,67.93947422928576,63.325735042768315,58.24481439706936,60.439216172848006,62.02436750372561,58.44907055563803,59.218421402949396,71.7591345779594,54.28714830383919,61.03169308094187,68.40719630070896,62.9509490775603,55.22232730249501,59.39649499513637
61.213678969804654,56.0860827755894,65.51121204939474,57.55656737606325,62.05255745843114,64.41790768614398,61.590854086748514,75.44754055367551,75.63172953845017,60.460489133531475,58.484070980400105,57.45508316058477,57.99157402654354,69.66769911323719,68.08586048919136,62.85480516176566,68.70148970368857,62.81955665440407,75.33097090182369,75.19261505046543,70.79104110552812,58.543717649307006,65.42017254673772,67.9265452855014,56.56408341537095,58.02134006402875,57.72546751937329,63.48799750284295,62.19839237446383,56.7048858000651,71.45240450536417,68.43558647591948,59.6611066213133,57.757424006440395,60.60383627255182,61.536852607498396,59.447153432293106,55.93532827035507,71.4372233484638,58.37767832721703,61.23427068391351,68.80205318984282,63.30448489056337,54.326334229613785,59.526160814714856
60.886141830317904,56.36891724368519,69.37056276428576,61.78011163001858,62.81048779854037,65.34951184970548,62.01818475003805,74.93711259102292,75.34799582443216,60.37497945760847,63.11996410005018,57.34782090750733,58.30544290006597,69.59555359729079,67.40778974224538,62.66900249908545,68.2650956374129,62.397562726811344,71.54587585227563,75.05002937042312,71.17044610746846,54.71811982541546,61.70210409864862,63.99414725260132,56.516341921310726,57.567777828774666,57.47855276920439,63.6017886173802,61.9924640152015,59.810792225308376,70.23922917249934,68.38051975122266,63.53822867380898,58.33655262193091,60.86197261585401,61.374293606575854,59.278500097795806,59.64798043133993,72.2689572788161,54.773281833811055,60.559181461206414,67.7363144894721,63.10951882373473,55.14739108694162,59.807356595757604
61.15252748535899,55.99537420560853,69.45740964308926,58.57234031404558,63.163437950333844,65.36356953093137,61.82805536010635,75.98708342900115,71.81211139426551,59.84852287904083,62.418817878709675,56.904750093924164,57.568824529127944,69.35135493864215,68.31392142072488,62.516188413304135,67.8406090482816,62.46074196691927,75.46463584085603,75.47829492823348,70.77285548129663,54.968158209405956,65.11937432116103,67.63856253544134,56.85851775419606,59.01392827206355,57.268880706179175,63.218228131229296,62.15499851451882,59.75003452865793,66.57570664040166,67.9057045714387,64.28443889288152,57.30573178184457,60.5720472585584,60.93241505032496,62.76739037779584,58.71190554828555,72.30953526578539,55.42494381005409,60.372886058229966,68.26574000664529,63.27552356323877,58.03874475624624,59.94768650234455
61.2694595497702,55.94759214491308,69.20103112042852,61.81425534828122,62.21009894888095,65.58212741132436,61.202432350820025,75.23582893683573,74.75870027419471,60.478733876145036,61.589070321879,57.82317092721941,58.650529056815955,69.0288954578451,65.06149008035084,63.901651534274144,67.88751011204457,62.3682524097517,74.87936293146252,75.33361886140797,71.22792059243972,55.224977870883905,64.46048105816578,68.17600288686302,60.18901586731443,57.916166919883786,57.55042394034897,63.558215406120205,62.00688962501335,60.290813654870554,66.49435051508821,67.71552899381192,63.199779020560506,60.953059447830555,60.16480919277889,61.86029808182351,59.80752896013792,55.47342189303565,75.56494899573104,55.04797434999299,60.350935697769714,67.97202424539282,59.150938827711755,54.54329544801315,59.35737473610142
61.6532729687608,55.28454131465095,69.99672322280465,58.22784894959643,58.9350057558507,65.32004926325531,62.30011457670071,74.80290651267241,71.83918794633861,60.441432839822085,62.288968113443346,56.7942107820183,58.068481757100486,68.93560188944016,67.40847408829218,62.32166410562998,68.8710850852054,62.999011352410086,71.18218911918305,71.64996115900789,70.4040424801568,55.18602272990307,64.66944723937017,64.30980781907124,56.893904738564856,57.7876490367939,58.01360222266634,58.881851726973714,61.70394251643185,60.58541723665739,71.0647399076015,69.08928524231365,63.05253581781284,56.91136133773865,59.90417058171067,61.46434367016098,60.190408441790325,58.7812499149291,72.28340970368137,54.886736226629665,60.52699586554833,67.32590961807075,63.482476890414496,55.38800815331762,63.02792520694286
60.876056588905215,56.197394032101684,69.36572942221366,57.76466273817133,62.43269509094599,65.90732907439256,61.68026205940469,75.49198939958339,71.24655990681197,63.998154096206065,62.063051182940846,57.086343618040566,58.48540256709162,70.03956919058076,63.63841282998124,62.0368496131387,68.47175034228336,63.773128461036514,75.43704328253271,71.55630419116464,67.95978018296708,54.40029481673953,64.96622304978096,67.75013134177415,56.27182773921247,57.80014394848544,61.02534791376049,63.40819165297995,62.26011397097022,60.95819955603726,70.54241059804541,68.29408707693467,63.044876204110906,57.24745891713725,60.482436093447774,61.245930493696264,59.622894693567474,55.228469965736195,75.89037369621416,54.356022389319264,60.96698507687378,68.24227757658423,62.25292864002616,54.94260684155808,60.01145067047717
61.61110953250395,55.95960099077121,69.22989520175052,58.266203758740815,62.11423919030935,65.14381740147742,58.10673065988202,75.69811208904581,76.43126063404216,59.93872182025279,62.45004575495847,57.278426082341355,58.38274491191675,69.73911031921558,67.54923143254601,62.56211881885589,69.12814672621585,62.17432719112899,74.4919610079403,74.65733114918442,71.19175504578608,56.75769354808669,65.85812264354065,68.5244799784804,56.358981168317925,58.29908394889352,57.1716895277875,60.427675736211,61.80811866493554,60.05576785811122,66.8972252984026,68.39680626005844,60.47787347137329,58.46854921711327,60.33144156090094,61.97015488704384,59.64416901469063,59.220160103115916,71.90696225448917,54.82442415215361,61.217863372455156,68.45241061064057,63.47650287088336,54.59456551775229,60.00579949438046
61.39467076668419,59.83351566969887,70.0376602993479,61.70835999626776,62.31676764677214,64.788941660288,61.28586825252594,75.4867322952867,71.94267595556026,60.3467756007462,62.67565187726328,57.60993349112274,57.64456366331515,69.34815722864758,64.85693326211616,62.28463528684677,68.64630834201493,63.11501130782748,75.14359690302415,75.52519560908416,70.80515745650796,55.5275922024602,65.71475342326286,68.2529983623112,56.066477787696414,57.99001757753152,61.20754406134144,63.68779270147212,62.010635895383906,59.83102805572484,70.24132103923893,69.1538059058843,59.77741917830505,57.97598285160819,59.804204414412155,61.45340639113535,63.456900457207375,59.5925029510857,71.80757553018266,55.430279730580516,60.22053744632533,64.06096143109772,63.63251957472886,54.72847471337111,59.78895291059972
61.23776890700501,55.905406539310285,69.25705947742894,58.52744677123497,62.345157773671566,65.61780121364693,57.315928419100494,74.59998763481559,71.55156488586925,60.625796594396064,61.88205661995548,57.26403970038493,58.06647555090725,69.71601485054074,68.09097748462916,62.79802431498593,68.22821377918893,59.814442996304464,75.64804503563258,75.30580482641625,71.2577607011951,54.54817444876646,64.75696852769475,68.20650996094159,56.07145881622436,58.08289502135975,57.257004519203505,63.576629676347835,62.29155143634535,61.07685636796764,70.28629367042247,69.14702027246028,63.320233629180706,58.57955646289677,60.186876329849824,62.3530555778796,59.05240852723659,55.55334921210462,71.40309490988314,55.04233200095481,61.405031296899324,68.04977312038845,62.67759077567852,53.77863286232055,59.142544993347364
61.685349680010304,55.926214419028206,69.01852574101756,57.76656421774905,62.3259312442019,62.12505417694212,61.61258932729546,74.9365967863534,72.56228363404588,60.302054632729515,62.005256266694694,58.44227107057484,58.2790044465602,69.54720575709533,68.38407912114538,62.74976500700245,68.6286234234432,62.16899807876895,74.97673107822487,76.07008711405847,70.92656814297727,54.490630055285806,65.45626001516023,67.77322799617608,55.531609328665965,62.04082096178967,57.236731122730006,63.418021585307855,61.87051674077175,56.331615519600724,69.63223924244055,68.02354738470919,63.87601642996379,58.24523949829253,60.074044221209434,61.172661694789916,60.398424383076936,58.72583465359679,70.97458109986658,55.41794837970991,59.75786104782334,67.51031961233426,63.24331329926445,54.27916848366574,59.94356678970061
61.02492386140545,56.782468775931186,68.87409329155028,58.43936159670066,62.062572785764054,65.15664287455806,62.125730460750454,75.47465633544945,71.92950234650903,60.227842415501954,62.4886431523239,57.564480207156876,58.16891371702208,70.06048135220475,68.05972426246801,62.43215824331751,68.31959636425735,63.3996464387823,75.35068053355397,75.39012835564532,71.85715375180682,55.33409569365112,65.58200309035496,67.618521543265,55.1749910904428,62.416873640295506,56.876717274904294,59.57532665243288,61.54042439562398,56.436450465093905,70.0396084249949,68.63008182566567,63.23418979485955,58.25397443215803,60.43808649781347,61.40552894807702,59.75304815391199,57.98848576694428,72.32435927361773,55.00399747514865,63.75788499630982,68.27678732798562,62.88236752636356,54.39553358365683,59.521331614209885
60.887943314481774,55.530950934141444,68.77234527257319,58.17996023641127,62.74067196030908,64.78103431896733,61.43441401792812,75.15077319920219,71.6772129077907,60.17472713221699,62.04917218066621,57.477853687728484,57.83116081235807,68.96687515352465,67.36460745820615,62.34728500496974,65.0149831996038,63.238325207665916,75.85456197394184,74.8876798725691,70.22524084836266,55.24293215577412,65.01224106037985,68.38705447378007,56.286289869680004,58.254218769476864,61.55752808400587,63.12605122675307,61.49741124885585,61.07752443464535,70.49102987115448,69.14137692972322,62.31511486844894,57.85839208681101,60.32194491505723,61.71368861501459,63.76482394548917,58.264203101573244,75.66718284656606,54.697962629138885,60.52154033358912,67.23059857325394,62.818780914795866,54.332067805321394,59.91536935659194
57.480595815228476,56.05989231488705,69.40725756569134,57.84530599414993,62.303411173442576,64.97757135236098,61.24946203634806,75.6155098572894,71.78839465975454,60.253766963273634,61.97924207296647,57.91322794571559,59.257960379786496,69.46377017809375,68.52396956813406,62.50396173331146,64.56273536539183,60.168897230003395,75.1130539088915,76.3695496712773,70.4669738630289,54.5684019936662,64.66935985114155,67.65224527896697,55.67163378539539,58.72148775528376,57.80858717150255,63.594370002810734,62.67689122597855,60.675132723920626,70.22526052933617,69.47117196928157,63.58289913974681,58.0645777143746,60.838798556705754,60.96539970526025,59.446549776996584,59.99940434223066,71.7941227995598,58.96098001103623,60.71728776321564,68.58170396995624,62.85048312912467,54.976927004282764,62.4580641044237
61.461951157052155,56.15440948128281,70.01327794388541,57.6942939840017,59.53413013067474,64.59155394060728,61.40265243797901,75.47728185117711,70.8187057352806,60.33516417722642,60.88567823878128,56.99516127258165,58.28649835679014,69.86939862939296,67.40250143769387,62.675028613884955,68.88388317483302,63.25760034205766,76.00376604491652,75.5018388525207,71.3315936386359,55.650707678386006,61.363416311439025,67.62968183024088,56.596066145075575,58.146467862886055,57.450519381984186,63.72611868465065,62.06880459696057,60.96414440975833,69.6901670636085,64.23254365697908,63.632176644641945,57.59128715207422,59.74132817600148,62.40627023754318,59.67637366954425,59.43898945652752,76.64837374445113,55.31253084423094,61.23617446413952,67.56639993187204,62.94930029955956,57.664430699681105,60.545672252102456
61.1939232779293,55.900145668838604,69.04983606953421,58.55580261773898,61.67095158296719,65.04990062908068,61.18413655979912,75.36993235863152,72.23893396732645,59.73646847663497,62.23896025005458,60.59552235862507,58.398077666728156,69.8219085171647,67.45196581705227,61.78028133080462,68.70667421728399,63.011654206966696,75.23702845217113,75.77357812962984,70.52008177556525,59.14748363042272,65.25109881544626,68.21055056692336,56.73625250938081,59.35773395605621,61.65520796878312,63.46504956548216,61.93957338535387,60.20102604302007,70.60084368889528,68.72621620008627,62.953699496458555,61.8295329514593,60.38623074545171,60.816528938464224,59.192273829967235,58.797227364288084,72.00267916286478,54.882808891546816,61.015902136960605,68.15165771072874,62.68825966947386,54.3009919689245,62.711003413956405
60.402647185087915,59.35617981683109,69.14886712478861,61.337675934477055,62.66437393996706,61.19504714318378,58.66987366306555,76.22159460964458,71.64316103719352,60.33897730315472,62.31396011968412,57.313540617269254,61.64668585863552,68.80796780874863,67.89734763003936,62.30200233032486,63.9974900859751,62.915699370810934,75.03042530613861,76.02579575296333,70.97621635645692,54.30787787575155,65.20617482164438,67.66989958434806,56.05566852082931,58.28433701918803,57.628585446934316,63.528298778897806,61.86333219928467,60.03801319319759,66.62890544195568,67.73588486784857,63.906345294294965,61.17614382947049,60.796134253739936,62.009878017985336,59.41625417378788,57.97326468852273,71.80516785172809,54.27054240049324,60.109701673851184,67.4620173620569,59.58822395969807,54.47393071330275,59.622585742049004
61.2019105240495,56.050718480402246,69.74432990303563,57.63038581542038,62.484353836181235,65.67034121066185,61.790772753222775,72.08483795480137,72.64067786483594,60.78437368998371,62.08572495900064,57.32319438565511,57.67293782085394,65.9069496096316,67.83100276655047,62.40196505089672,68.09989989759785,62.53532195830196,75.63485814813183,76.14369141392359,71.36556942016776,55.121198749996346,65.2100690362135,67.8649089036943,55.22036239569958,58.83009521650147,57.70816765996143,64.21447340459112,62.41667242768908,60.39465376757219,67.05983737223481,64.97206764859517,63.633045521017884,58.09474420218154,59.988614189607375,61.2266901234916,58.8399556829598,58.79794842009733,72.42066081649435,55.28445165338322,60.64178644119443,64.04941319329106,63.04871199272828,55.3791550446115,59.32911637343535
61.086045420018515,55.8157872115631,69.33343765630411,58.593602284381724,62.914391715468135,64.71763304221489,60.80484210543744,75.05422181415948,71.44724653750364,60.89708388724238,63.0319159624616,57.578383409055625,58.856846897846914,69.08286061949032,68.64994947461017,62.92540203926885,68.51996976177169,62.990862655971306,75.14565708442706,74.95862478929578,70.93380079996884,54.90547349248301,65.21016462549989,67.05811838406478,56.07059341943651,58.09574351501468,57.72253534293462,63.884835587511766,57.596251535882274,59.42589987012526,70.57692785541282,68.46116490568966,59.214100925380606,59.16979485036763,64.00270380494682,61.88992495002078,59.81129738622219,58.838021585954834,72.41404775247018,55.294979250510714,60.585469158915636,67.74569767705113,63.25350447254917,54.383374071279825,59.60134915133003
61.19128873139712,56.59369107388118,68.93860790255357,58.04519201476242,62.48930290092388,64.9359834724513,61.69742581997131,75.53114328465783,71.82387527877879,60.27169421209416,58.61965029502728,57.455033383296495,58.57592164837143,69.27204526298752,64.07111294901118,63.01515225852846,67.80688966598105,63.438527672546655,75.18343634180232,75.44984173394339,70.90347547696331,55.146884312524136,65.24347617421833,67.49823166957057,55.99113079171106,61.535891165885644,56.80661222086267,62.84970275921721,62.18481097868749,60.33754959008551,70.60334834147683,68.70817125723974,63.23189462142476,57.49175697798755,59.787728420246594,60.84153574980367,60.37562235105097,58.927350091053455,72.55874976046462,55.22426754991373,60.77670972719951,68.20499642765667,62.12723310087385,58.12553744274815,59.07386939650107
61.72671223025928,55.82109157199743,69.83158047235072,58.06142509463211,62.948027716334735,65.80489942355769,61.353063136675786,74.95307386713608,72.13851263477721,60.644809289225606,60.72605894508233,56.9742185089736,58.98758993352934,69.82149032319359,67.78410024924426,62.820627861103944,68.3800857581538,63.058232951063154,75.14260882470047,75.55298980889742,71.20036189929681,54.99499981686656,64.85859805480474,67.97016276860495,55.5760634717726,61.93712465663204,57.386556010866116,63.76120406781612,62.57549971489143,60.353603798477394,67.1732091616754,68.34878254629866,63.53192861456002,57.59457792917515,59.89487287620391,61.741990411695525,60.18037000535647,59.28754560447323,75.6663851166588,54.652760317470026,60.46820890826923,68.46666672805367,62.71995291444565,54.55225536300332,59.190429217982434
60.74622044862929,55.92481797286438,69.34028805836508,58.16294679850791,62.16014460551267,64.93688890094964,61.236189373986626,74.92602810092181,72.01056880322332,60.08409004030952,61.70399861710916,57.50662101609822,57.84811960510434,69.29054151960898,68.1659993004238,62.25118552879804,68.596363283624,61.67779970571589,75.162678560586,75.47871290148511,71.57523895564793,55.738165064669765,65.34605371647858,67.03500375684403,59.64634604358016,58.234260656451745,57.1996746091179,63.511864330802254,58.31414929395325,57.087664818589,70.40229010426862,64.77181473240036,63.53782871983102,57.5844814479883,60.0220750826466,61.39305144244096,59.6552260475362,59.07993529420385,72.06785003142366,55.418547550144105,60.33106062282875,67.84571524538366,63.73845048735749,54.27465828998936,58.905204241172626
61.33078863608899,55.911515027265395,69.94416887983252,58.14853817566154,62.698909301480214,62.24242891988434,62.331389072771216,75.622048660562,75.76160506090471,60.334808910599826,61.61644283111299,57.36032791394112,57.75271922861959,66.20716720348574,64.21457263065811,62.451213866877985,64.91105652169234,63.03415469461601,71.89872368614259,75.52639501861961,70.8213798957188,55.89076016440313,65.54770913721974,67.5610168389519,56.274112097848864,58.5807987203855,57.521691556094865,63.470306633067636,62.49575864100809,59.94832442634432,70.34198915180463,67.95208352123827,63.554942399915504,57.810310015763676,62.99606463861704,62.63846214792344,59.04372450090118,60.07654999271713,71.16484398891981,54.846492122298876,60.6659080146524,68.19372083250386,62.67250956291154,54.873923733922126,59.06530639183161
57.84928691915994,56.096236815293516,69.49174619408421,57.34181689940509,62.57650903009986,65.40942718486406,62.45763321379373,75.10368259491875,71.14459317085222,63.97695679265084,62.35533289631254,61.29955853609688,58.16592185620234,68.81041061731734,64.24523279667676,62.61965891288015,68.18370109362672,62.83460085781934,75.73017019764494,76.37664917973152,67.39274023947043,54.73744838839636,64.6920396486193,63.73854181222441,56.47440697833357,58.090139311267244,57.6118485502283,60.48949058127819,61.615264576897665,59.93173582113488,70.285258477653,68.78060914701784,63.17046214286299,61.09457869556783,60.46896450575528,61.12472955734198,59.71097720794613,58.80465253415719,71.75871665557534,58.6541211580698,60.44334262359095,68.32508865612881,61.7525127711329,54.07970624169471,58.91402790536277
61.130727444791724,56.27602531018501,69.12941420604437,58.605637428593326,62.213798080785566,65.0439019555724,62.02947588749202,75.1695051377586,71.25425704123846,60.20170357895212,62.189550823883614,61.034563457846346,57.670245857684726,69.09826756327674,68.27904779118573,63.582070593528364,68.30362765237024,63.15171198461393,72.0289733310985,75.17170163365728,70.90499343136003,55.367646280926365,64.5003794983844,64.2480331666302,56.37168328707781,57.7516188862306,57.5043887902044,62.98783635200757,62.04094400451141,59.47275866227455,69.89271425350434,68.61478818572661,63.76943217741427,61.60875874784615,63.63367640930531,61.27843709762454,60.23612592934886,59.60092563976552,71.96402381659904,54.46898822565353,60.66374393227607,68.12736953893636,62.65467432223999,59.12565241726523,60.35254212578972
61.053842341672926,56.05637468714487,69.11597438818245,58.14212230055726,59.407308009101776,64.88261447905114,61.304903034153746,74.65796573354477,71.84834218843511,60.17787110648118,62.02448454745166,57.84382801269161,58.150958758701655,68.88227414349076,67.82133936631577,62.722630469875014,64.35412541061723,63.38940255223624,75.27611463063037,75.11397157050487,66.96212198364857,55.66084326859608,65.30014479574872,64.91328308379822,55.88838725767884,57.914442549930996,57.020001935079534,64.18750184345673,62.35324847082279,60.174217514989,70.18424773151575,68.55807513011399,63.40669935560505,57.30582681612917,60.048905413292516,61.54510938565295,59.52067059194758,58.91493944657751,71.01120936556218,54.485403699522735,60.330969802608266,68.48004623075805,62.66893275882744,54.69360367869965,58.986158268951684
61.060695476789014,55.791344497915595,68.92557991135048,58.547836125182776,62.06540246119664,65.26912250064058,61.15384131258038,75.86845861291854,71.69251481224372,60.11950440129491,59.02019549148995,57.666535027802055,58.227382524294875,70.32048080670873,64.7767585343104,62.74859443866718,68.40451347193932,63.259846845653534,74.8430099819683,75.34157450551017,71.2961159879943,54.297009647606735,64.90582664824134,64.20617359503368,59.766586938218154,60.92650089507586,57.62615473689143,63.047615926123896,62.00365059682286,61.0073468040961,69.36750420342979,68.6001517561541,63.064357957607605,57.960575973050304,60.85190292497631,61.288092414759376,59.58390480540588,58.91090363913724,71.48223180776176,54.81989549612263,60.46020630058328,68.29428656063027,63.27554077475564,54.48580906267965,59.28171572406956
61.172583967527565,55.481879159971555,69.01658698897161,58.00385441503256,62.32490591399655,65.30859864222623,61.13038793837913,75.13614045120961,71.8077261987368,60.26485735117167,61.874977866880705,60.98996922860356,61.52902560963993,69.60696717732583,68.44222495901985,62.41202222714197,67.86595075965533,58.828709816502055,75.03787717057395,76.34745943188213,70.74922536190412,55.559709151442426,65.22805924575744,67.8412724877865,56.269203818754455,57.64263791399787,57.74186737497798,63.21794692853282,61.705050452186896,59.80552157599353,69.57659232843086,67.86212513738504,63.010516031700035,57.63855730201368,60.04994064381303,61.96707850244577,58.86100754918835,59.50206606758459,71.55593786243041,55.37440409992113,60.515951766644214,63.92716467424589,62.34749812488809,54.401577809048845,63.52005320459527
60.7941114870729,55.84045401662399,69.14663922777132,57.797017924378395,62.4068034521954,65.19177715908258,61.78773058944095,71.44317643932543,75.23645538086596,59.94043018781862,62.35429158779857,57.525845783954715,57.27506517365264,66.05619206474505,67.99866947601431,62.14346049837239,67.71452999175325,62.62502160805699,74.55369751902967,75.76400608283633,70.867216438345,54.78182163519738,65.42236458542159,67.34756143984066,56.630492582063596,58.38254412457979,57.004091228131415,64.10404876652309,61.80806410491757,60.021789697133514,69.83985270027948,67.61702201471283,63.333300802308564,58.13653269682559,60.60263406312133,61.260769512965965,60.0056833710562,59.11293661580629,71.42414483900868,53.931504930004635,60.54900897083442,67.29383547912776,63.64184445717553,54.629307216609284,59.93095933851723
60.98035848060804,59.48323913183763,69.89368427600472,57.638609013406075,61.85264670039561,64.69296791644243,61.77373937391215,75.12246454645936,71.11149630465592,59.85566882327248,61.4398032906082,56.53203271400812,58.337337897530574,69.67122978504148,68.01676085526843,63.00333307105923,68.40385391665347,62.30626509656057,75.79068897491538,75.29519531842095,70.87300858291935,55.164432636575555,65.48912957061498,68.09931975963792,59.51299848039827,59.214397956734935,57.46755600575413,63.50516847980612,61.972117000367646,60.59274937523627,70.91880008972562,68.2464606795182,63.20418881397628,58.305383050110024,59.806254397005986,61.26062392672458,60.132780712912556,55.49439520756463,71.8884274352442,55.2187194147153,60.22474955679062,67.75305873644103,63.365778727612934,54.452591908613265,59.531694758508934
61.65210349744413,56.296327227930504,70.02434590595038,57.89401516184999,62.05460771898156,65.24831355656629,61.3237071757745,74.66099921806067,71.02101239439034,59.87604164388516,62.595284669216184,57.46923801216925,58.125778715998365,69.10645632958737,68.30087562119071,62.74273571149655,68.35955404920443,62.47805710931845,71.63051343407136,75.53970363518357,71.54549451990772,55.489343399942406,64.55941573951135,68.54715160633971,55.915429377212014,58.45427610143458,57.883860100662275,63.5788866328952,62.188315050645805,57.46546040408044,67.12947292807999,68.05596355899313,62.87947715785099,58.766934860022204,59.78302071383351,60.99965143051227,59.660449598480845,59.128883619053,76.17482585428627,55.47262238488909,60.80081387133587,67.30247921163408,63.696333353781874,58.496069341646105,59.618381704400065
61.213088368473784,56.341937382439816,66.27223199794808,57.994914171530276,58.99350513622974,65.73375400121344,61.2925261212499,75.13429650677615,71.85782059300932,60.02949589033374,61.73831659399745,56.69978183734056,57.692280064515785,69.43385994959336,68.13355956194086,62.6323678191433,68.3579611333339,62.99855604949124,75.92404888647677,75.93457911039448,71.03368598421024,55.547780153739915,64.75867160982023,67.71121767495629,56.393347860230676,58.15953348456091,57.10943554657136,63.16049083204265,62.38792159970022,60.29553702983087,70.28226546171847,68.36401203142505,63.73765730354904,57.80714072220672,59.865395324040215,62.11820454231891,59.46063699536365,59.17459204476936,72.67285454072005,54.99158527543816,61.042248778673326,68.62811326965063,64.06482619606757,54.94909970481344,59.75986832582431
61.30314544499868,56.046839516919995,70.04695577133556,57.79733220100824,62.79131142581673,64.83612690274225,61.35341053751787,75.4483718495045,71.39409136487193,60.09387636079512,62.73051669955881,57.10753971964206,58.15000102186021,69.02191320310246,67.62258689563751,62.998635013169874,65.40402934328526,62.6396205032783,74.32033762150405,75.95995761641156,71.76404104122452,55.0659494924727,64.80056295403323,67.73711247984953,55.83169793270923,57.97470400084102,58.206131048609365,63.93563730996441,58.48130909619787,60.587487596066616,70.59208102026716,68.78942981572702,63.01045466059536,58.57881758675157,59.82168777937614,61.91912048902451,59.39321794524817,59.49817092558305,75.9754241829222,55.41603790525435,60.18114395727325,67.93890401674541,63.3144731640526,54.43828577057151,59.6513318518179
60.790671966836335,56.287699342805396,69.03198946254705,58.05504361099671,61.89924865007835,65.29902783034716,62.17855156441012,74.71262790787536,71.3103581840134,59.80237698698961,62.32528418748796,56.79439831651534,61.75167529851181,69.63944639563617,67.86780387631788,59.48465729755357,68.23257922499909,63.019053013346074,74.76527271482347,75.36611775331332,71.15630012188863,55.41256631892894,61.55545414074213,67.66253593349236,56.96303115447177,57.21096961253145,57.533000598097274,62.749985948907884,61.69800844622196,61.1409378355878,69.17434353298434,68.60327147404779,63.01709607947568,58.166608659889214,60.179837857818754,61.595842015621656,58.86694453474246,59.639051876982876,71.76237153222189,54.69010663129173,60.217945423176744,67.79307183748391,63.31231425026291,54.45475634663052,63.53391817421022
61.251406596043786,55.42181726549146,69.25861375221164,61.86638087286829,62.53561736266142,65.4368254891979,61.68096409119862,75.7343072612117,72.1354692029676,64.06585119129731,62.356426992990116,58.532607207697,58.29184123045979,69.85466769214045,67.91673863970263,62.75670517808592,69.47469596867114,63.74780950469332,71.72499928388712,76.0536623226752,70.86636048822146,55.13330572631921,64.85878908352583,67.91251522540195,55.58095739402154,58.33665845315612,61.057100537972595,63.956175200191836,62.28319120433703,60.2365426910303,66.2662586921344,65.15893436061411,62.89068914365162,58.22337115148013,60.003955917985856,61.56534462176168,59.81635707050586,59.082258697139075,72.422712774349,54.639465382876324,60.59507657665026,67.32265232128407,62.8042986887777,54.936924306810724,59.40897467863934
57.82774034083349,56.57738252247098,69.27908328323326,57.77947947519388,62.22349708574702,65.06213796116359,58.13132898850144,74.52597542185725,71.70380507223872,59.88338016064507,62.24814475594721,56.94344167835743,60.89951156989827,70.07694834965487,68.10186334678322,62.400418568247126,67.84165141777021,64.05050412627286,75.79344368970095,71.78833713242456,71.76456876085794,55.181635570546334,65.25930984672988,64.59081376593768,55.756963792131245,62.02050416386716,57.6487523630258,62.665337693619676,62.20580472366261,59.81910907716048,70.36495562061724,68.84981630201557,62.897073483266006,58.56616885288237,60.32293650243711,61.53684834430964,60.344379427997104,59.28576763922006,72.28988292758623,54.55702781466644,60.21737875570213,64.48939343399611,59.32125745538799,54.71265590941937,62.68181846128667
62.1163492798343,56.23852588271127,69.06849888818043,58.434687308235986,62.5361015194609,64.8714283109768,60.75322558503915,74.80792918109634,72.26073498723504,61.632152923772736,62.78065273575286,60.89381167156388,58.10311762411854,69.01702265694512,67.91951437316435,62.867157159348444,65.16350041464774,62.857601514848916,72.24749487436999,76.17289105960157,71.87312273852652,55.37604173566929,62.197833116264796,68.1824774782415,56.47681363202335,61.31971363059753,57.371615810956584,63.565319896359455,60.812167656819184,61.040977684677415,70.72230461100196,68.27431690237695,63.245505881544105,58.183714041224505,59.687681293502266,61.778849538338385,59.116957320119916,59.33731865113765,71.8905139910124,54.26664968548214,60.032326769434924,67.65261014665974,63.242039486851006,54.685958993682696,58.67145801929917
60.77237100959339,55.88512785292406,69.36613298481842,58.12592171176541,61.615078723013504,65.71433583944071,61.120928588389035,76.04017938488974,75.32992949701901,60.215669404717374,62.296334687119206,57.95284836068421,58.41135767225928,69.29941981515223,67.87856154707137,62.8709440488094,67.78469239313472,62.85981324185514,71.6943690055388,75.44266922880053,70.71876651859004,54.680987526865,65.44371870027094,67.73521676074843,59.26887925927271,57.93486558240403,57.16868627531869,63.45129572180189,58.08217152228819,60.72799337157865,70.2642354582527,68.49106004490393,64.19798535060633,58.35361223908508,59.763135453026294,61.813519538193056,59.57063133679296,59.63458424128883,71.87356854414368,58.13737737950289,59.948029346885676,67.45805261644487,59.25007212553049,53.848167978506986,59.36738927772803
61.38271606207357,55.855040787299956,69.52408510964324,61.97963709065366,62.02363105845644,65.44167488077333,61.546381120028215,75.18366547882269,71.37675175618931,64.16086724368591,62.21448984962996,57.55248608143239,57.111872784021585,69.19758825617949,68.05075505753268,61.68641661236209,67.5640904835905,62.167049240313766,71.81479967278169,75.77134468455925,71.35599214577599,55.74448241685592,65.00191825531412,63.763212828115456,56.26282072051871,58.020495174207646,56.17696220070962,63.96595960891239,61.17043380360508,60.056054965791624,70.25611695505334,67.98229375176459,63.29413915566156,57.72947104155136,60.19089009409462,61.99719224245887,63.008186610130814,58.78673705043013,74.57509163852062,55.44715473879178,60.38908551967812,68.16383211161518,59.06127444544752,54.89180131157141,58.65761569582103
61.006668075217206,56.17457829636768,69.70583463358551,58.034408183567265,62.35190936408438,64.98779115936799,61.68732592334782,75.3534969946815,71.54013341209163,59.97089878261478,58.48575464273967,58.140173790764266,61.05531690209158,69.7408888938155,67.47004565872166,62.83130895057352,67.87059288806736,62.47607366377756,74.52712198991485,75.62846485786756,70.62979643642007,54.91195552030114,64.95599509588604,68.28453086076831,56.80473142423615,58.372870182261316,57.41437420367746,64.16278911757024,62.479332053175995,60.36642715466499,70.69940637887237,68.37985840685278,63.041645697538236,58.016180504535455,59.76711132410656,61.570925057007315,60.3404719722882,58.86601659702643,71.80166347078121,54.702151683758416,60.002653927953716,68.0199004454703,62.812441823062414,54.26983041709479,59.78169370537593
61.659267103361906,55.37038186826704,69.31481260813781,58.45045209593317,62.54345605086567,65.17283946944383,61.27873841240401,75.32371960304347,71.93868015188042,60.56594261611685,62.57589232521675,57.32323036955432,57.442700467066786,69.90528966009008,67.81567751984124,62.73646935334557,68.54249245059823,62.49155450461573,74.95902808782083,75.22845266135344,70.87105615138492,55.46146279812992,65.032485417617,67.21020145922517,56.24277895644751,58.09422109420947,57.76660319955137,58.7398182273342,61.7626269272335,60.735124096213184,69.07336564631552,68.67472043277462,63.154071953136025,58.53738622399898,60.096815014281866,61.792766567686975,60.2184224581992,59.12590774180192,72.44389876372213,54.993873134136535,60.561053656828165,68.24750725705718,62.67779149956284,54.70799064698934,59.677729168797946
56.84766829197066,55.88502673063134,69.32146147131084,58.7904920218975,62.60335819334259,65.44747660875632,62.05881636896313,75.01489432012039,75.31374027177145,60.21813117895128,62.35582901634006,58.0314739101287,62.16745918130222,69.7164448583521,68.29365699240851,62.30476049528646,67.86180123124993,62.92083313679331,75.00077985956156,75.79861476981453,70.91339300220362,55.67996802190351,61.62510543149428,67.8286766317344,55.66492484921851,58.66976710408559,57.84148987302502,64.11735209844582,58.2810028950129,60.87312155234709,69.75441173137054,68.33781057881329,63.521086771061675,57.83622096884453,59.94649090011499,61.86011938619249,59.817588049545506,59.355616899332425,75.51140793034348,55.08906998049704,64.10205173749284,66.89753316445139,62.70187945086521,54.33467979812707,59.2819154239766
61.11617993599268,56.3211580940055,69.76013511574185,57.8247770359347,62.3576470795602,65.31254472725372,58.62369298609392,75.5574827026228,70.83124026256156,59.95437586395907,62.73126186887941,57.1497749970746,58.350819089714804,69.75274133795871,67.81546385083367,62.30769341721772,68.78046807245836,63.39345257534598,75.68029387762027,75.83389401885518,71.14390475593387,58.68010257922259,65.52279871686989,64.55167357262837,56.713494749593295,58.4264833594371,56.65126582656241,63.90026673663466,61.97606783536058,59.102747838103305,70.02909271890624,68.53379507510616,62.925245758910116,57.46354908527044,60.58972167310637,61.7659169046935,59.143951096198485,59.555385988756754,71.59716200530224,55.099647063712204,61.02076776581096,67.61126598581187,62.661837062705125,57.85987822222184,59.85341384490196
61.41482753694348,55.432215154518865,69.95648979246661,57.94760738570826,62.5067352596139,65.63246215349037,61.50139717157187,75.46911694063114,72.05950726205647,63.364655855477544,62.235802938819894,58.01960397494517,58.31727204268772,66.04945202303936,68.6029411882228,63.13416008858916,68.47708443759069,58.93082552710719,75.22690093001971,74.92905834137933,70.91310678933384,54.808459654256325,61.623476103284005,66.96123774051657,55.97140953722168,58.01581607552921,61.53635423924686,63.446149401919726,61.63465012731727,57.374933583132204,70.43752517999367,68.68380630355412,63.39517890618314,58.50714644878946,59.18022389881411,61.85256944215628,59.279790075334525,54.73589943083731,71.92339499383829,55.51095852354176,59.68625424192589,64.1090888473551,63.16582598808936,54.647668930780846,60.1964659196409
62.12376371290595,55.50395337793193,69.4107120027179,61.849083165374935,62.479803277223006,64.56536931692924,61.933675278749426,76.0962252131969,71.45733783201847,60.4768982085913,62.69222778554121,56.468519273597565,62.40299546280615,69.51841276943772,68.62594905241146,62.19701843088518,69.09913022177763,63.24051207411249,75.8642292081886,75.0179539256673,70.62338475106367,55.02992428957871,65.1952385963909,67.72638245351463,54.90255951607511,58.272848353045326,56.64270707841422,63.68595007733389,62.070504979463465,60.10192979160828,66.44669417220355,67.88720991215715,63.12078033882756,57.970416066233625,59.01832082279423,61.57207716607083,59.85366553144515,58.71952151398186,71.73653329493283,54.24985477877645,60.936129198497824,67.80276411188599,63.29227482148191,55.06897506794893,60.15266307579655
61.69002791369905,56.567022895556484,69.54133082294284,58.04776855721715,62.4240495547874,64.97806715571149,56.96377586992212,71.61544985660326,71.93932054310926,60.31616504299764,62.37778861815123,57.64340847636636,58.092695562205385,69.42987625766904,67.653388967465,62.58841502952669,67.9166760693775,63.029851151915224,75.06313836192108,75.67646498156867,71.65315555826058,55.35364183112442,64.72449819982538,68.06568787618869,56.448453649240335,58.25780673368213,57.72876218998615,63.87571787292543,58.03207587843362,60.75552067982885,70.43544688866712,68.00846754311141,63.00183130677469,57.92010628200966,60.448117980546876,64.9719527514003,59.252445279232305,58.76740222927996,71.67515061474882,55.08595901310491,60.50669566950026,67.9026544427408,59.49402052599802,54.06631047471071,60.059590293714116
60.74200504703158,56.16697036741806,69.9371418141296,61.42151281900829,62.17996353174935,65.09550669274836,62.15650877724416,75.36054380602371,71.58158150691085,60.61088780530187,58.40109453753382,56.75968818225178,58.219882259773904,68.13652955654909,67.97953275079803,58.266167951658566,68.10561003046585,62.66153289967614,72.27893106740976,75.69247677277025,70.9922734554938,55.43887649536198,64.58203032106309,64.62652310872069,55.83029866390579,57.62063915103485,57.68596303458895,63.848254794235274,58.74794946513548,60.51459598417435,70.74751502882597,64.42621964621708,63.35324300881601,57.15128429791587,59.6629931316719,61.6052036355675,59.78850714265646,58.88069966582743,71.877824317425,54.88360215037297,64.16286348412595,67.54182047998877,63.013485552419304,58.41900378882522,59.159814787021936
61.335650225906605,55.55526860075335,65.71393630533873,58.4046547130107,62.76108781899591,64.93361462696592,61.94167650027112,74.99480301812949,71.8145464615925,60.15689749248848,62.298858071371356,56.70841402094514,58.045332856888926,69.08107236099573,67.09525302779767,63.22434491161812,67.44840754304482,63.612632954942704,75.58661914890713,75.58084522181247,71.02706960497686,55.172162912800516,65.2433349300385,64.00485863854841,55.62618108721812,57.91867583158886,57.920602374125195,64.11320468064758,61.98349746462611,60.71124139242059,70.12452161313045,68.91969297937074,62.93155264304015,57.87754447354776,60.5011202360076,61.697292754388215,59.12149090665613,58.8458251321546,72.16621846076679,54.54577720319121,64.14531650662698,67.94511260196153,62.74933207484663,53.822454492457595,59.84542773895174
60.96888622229464,59.15243145083423,65.78359880637001,57.905685774911774,62.63175190663214,65.31350023582439,61.681184977376304,75.23548437156447,71.29564341892747,60.92896660444681,61.62340096646523,56.75398481351898,58.5744286028246,69.56943265686608,68.16163690596679,62.53662286058961,68.20984628165304,62.4154304127553,75.666008341808,75.85177360598531,70.85976775442076,55.410591674963754,65.05345849098374,68.23868146058425,55.4912048744287,58.14211632051639,57.503315927698154,64.05872310843503,61.483748589770734,60.75242800395571,70.11673693046126,68.3519652124091,63.20836088332356,57.851122964804595,60.52093679788686,61.65722280823613,58.88160839645685,59.234700364784416,71.64188562090244,55.389660112570304,60.748458569449106,67.9988616910591,63.316249779467945,53.92911193757219,58.892674723488284
60.75975668575966,55.69467615252201,69.61513523139598,61.6501281334051,62.26954782736965,65.70738199005055,61.0876378001809,75.0185337461053,71.08079253618969,60.46555569246464,62.194222506813865,57.61497951854814,57.57347383473895,69.66908411411526,67.93023628504513,62.784951503036055,68.65323952313965,63.488661746626846,71.83532211965873,74.93492568250673,71.41042178745121,58.87283662067388,64.89592662635172,67.32284560920763,55.907828191624745,57.684301991531456,57.3543078921374,63.15265258624098,62.10673256866888,60.093641666364235,70.5678740242678,68.5299402688871,63.432916595703354,58.08336799391111,61.1627792052305,61.26007860683634,59.98110171153493,58.583684021973774,71.88495303472104,55.878482557597586,61.47062472423392,67.90264368402772,63.18044332482948,54.48266576078726,59.09665361406876
60.44843828182691,55.113776597850816,69.08033164650648,57.61141717094986,62.02798006867951,65.58454686220304,61.34688531637039,74.77230435268066,72.62036998643451,60.117037443335846,63.10048925594144,57.57754911670411,58.17921418328798,69.61250496301457,67.59922157834353,62.32717394219157,67.87227411076925,62.52607087904104,72.05822014933457,75.7521830152055,70.8691614513766,55.12257464346087,65.08739686425724,67.12881310435375,56.625191326093336,59.199062820956584,57.7237686974338,60.14679751181116,61.651321048495994,60.71868872255092,70.37039148384466,64.94606225839425,63.73756459090498,58.407699370113036,64.17316536960813,61.67659653541214,59.419712019455936,58.50629387727366,71.58028719761373,55.05048801765962,60.97982451822359,68.05859099606927,63.10979964233377,58.02723629548461,59.07084755909073
60.705935833683846,58.80818891622789,69.25931337849984,58.50978975458932,58.09094746518846,65.34780052627603,61.77445287820765,75.81082964320825,71.56221469879723,63.468088479492046,61.55487106233613,57.461238480340796,58.026407060609735,68.92992010780654,67.00295347994962,63.13680519295423,68.6019511180614,63.601005837686756,71.71357215802831,75.35266428504949,71.3430851201184,54.89859786161951,65.33478775740264,66.80009894210532,55.7470257236319,58.14441976699261,57.84545731969237,63.841805349668704,61.72618594123486,60.69556651218034,70.14964733001352,67.9266654281524,63.153246925473056,57.80915378453056,59.96858607006335,61.835353925887716,59.87829743971743,59.031702383941706,72.67907381557472,58.24803815784418,61.53000778450424,68.52130167903155,62.97414028177456,54.35237549591743,62.74458029949681
